filename;words
07-20-05-Cam1_jpg.rf.83614e1518595092c5836a7fbeac68fe.jpg;139
09-12-25-Cam1_jpg.rf.b50243c708979617ce592148377dc0b6.jpg;139
10-28-31-Cam1_jpg.rf.d6bfaf1e4befd08cf04cc8013fe9ff4a.jpg;139
17-22-21-Cam2_jpg.rf.3decab30e10b36e7a2b112a54ea0ddd9.jpg;139
14-57-28-Cam6_jpg.rf.7c26580c14d6e674d5f00ecd4926acb0.jpg;5
07-51-16-Cam2_jpg.rf.5b2a9d02d647ac52ac523f85edcbed50.jpg;1223
21-06-32-Cam2_jpg.rf.1fa2ebfd2a2a96ec7e40e7a38f2a681a.jpg;1223
2_jpg.rf.d1c923d4f6197aa45d8090ca3913d327.jpg;123456789
6_jpg.rf.c2a532038127b973f2ab11b6b8177508.jpg;123456789
15-35-32-Cam2_jpg.rf.ef8d687ff85775ae94cb9c2c86ee516d.jpg;136
00-00-20-Cam1_jpg.rf.37d4fc19ae42d83ce0d33229a0f4a332.jpg;142
13-02-26-Cam1-1jpg_jpg.rf.6bf9d3196cbfb25b682f6749c272aebf.jpg;142
xkAAAgCeA-A-1920_jpg.rf.349e0a2af97d7b48f35f11fbdd02f436.jpg;152
14-51-20-Cam2_jpg.rf.7bb11748632a047e08aa50cb5b54e1de.jpg;154
20230405-112435_jpg.rf.5924435dd626d3dbdbee472ed5dcbb9e.jpg;154
20230405-112445_jpg.rf.88605af9a9b303632c49c1ec5bc16930.jpg;154
20230405-112500_jpg.rf.1555fa161cc5cb4d65ceab46a028be43.jpg;154
20230405-112502_jpg.rf.1d5e88ef3e5a32e78058c45aa14fa21f.jpg;154
skAAAgPGeeA-1920_jpg.rf.7578bd6f54d9c87564c476df3a29c212.jpg;190
BEAAAgPLN-A-960_jpg.rf.e7f2a928353273632eaf5f01efe4e987.jpg;196
08-35-17-Cam2_jpg.rf.f242040bf24b4e0a39bafaf349051a20.jpg;31
08-36-45-Cam2_jpg.rf.023f84e47676f9f1dc840c5442a79348.jpg;31
20230405-112525_jpg.rf.8f0569d839fc2cc61172f397054c79ab.jpg;32
09-19-06-Cam1_jpg.rf.10ab08deb0097f5a804ace1cddb1a885.jpg;36
09-19-06-Cam2_jpg.rf.bf5cf7a14d1afb88759ec66e0105999c.jpg;36
07-06-30-Cam1_jpg.rf.eb97c6e4c23fa7efeb1d5bdbc6d8890f.jpg;42
07-20-05-Cam1_jpg.rf.f38d997c8ccbefce161cb19f5e9614fa.jpg;42
07-51-16-Cam2_jpg.rf.37930cbea8e85598b7c3b2db8afe9e3f.jpg;42
09-12-25-Cam1_jpg.rf.6cfdf661546b922fa7b7b12f65b72197.jpg;42
11-27-09-Cam2_jpg.rf.6e1c5ab8e2551b23e799a2051892778a.jpg;42
12-30-39-Cam2_jpg.rf.2b07f169a256dc813310a0e184148bae.jpg;42
13-32-34-Cam1_jpg.rf.3d841513a00778d037e902b59516b39d.jpg;42
14-33-32-Cam1_jpg.rf.4c737079986cb1bc56e0e2a501e16fc8.jpg;42
15-29-29-Cam2_jpg.rf.34250fac853ad145654ed75b836d95a3.jpg;42
16-35-59-Cam2_jpg.rf.046d200afbb82006f105246fea2d3860.jpg;42
16-45-12-Cam2_jpg.rf.6892342c11e4656d934c8b7cc2d6e062.jpg;42
16-50-46-Cam2_jpg.rf.ad96ef86ad2bb83bf3ee75598d7079b2.jpg;42
17-22-21-Cam2_jpg.rf.b6761171dff44a70c8197456e39c6959.jpg;42
20-51-57-Cam1_jpg.rf.067a0cd1b2513c95682fd6402f2a36e9.jpg;42
21-06-32-Cam2_jpg.rf.ef49705c41d4af84e5dcee8b29ce05a5.jpg;42
2IAAAgF5LeA-1920_jpg.rf.914df9e4a7bc29973624279c31430368.jpg;50
16-35-59-Cam2_jpg.rf.462809595d6e47fd106ae848a8298c4c.jpg;5212
20230405-112424_jpg.rf.4b6b090b7f7cf79e5664af4114b1b8a1.jpg;54
2yAAAgFXVuA-1920_jpg.rf.1fbfc143098e9c69ac7bb84000e87c09.jpg;54
16-45-12-Cam2_jpg.rf.521fa806832173b2c4050fc068f696f8.jpg;5421
20-51-57-Cam1_jpg.rf.b85efd4ede90879c459ab7055327f5c7.jpg;5421
fYAAAgL0AeA-1920_jpg.rf.d94b43cfeabe3f9b37d104652272842b.jpg;55
08-03-47-Cam1_jpg.rf.8240f983340a3068fab09f679deeffaf.jpg;57
08-21-19-Cam1_jpg.rf.7e020f3cb92aeb2502ea943639bdcb3d.jpg;57
08-22-29-Cam1_jpg.rf.7b753f6a71dd19c842a0ed8ba6a742d9.jpg;57
08-36-00-Cam1_jpg.rf.dece87ffeed714c3e75d1749d256957e.jpg;57
08-41-41-Cam1_jpg.rf.fae21fc3f2733d16d24cb06d9dc974a2.jpg;57
08-41-55-Cam1_jpg.rf.df1a0ad3a5b71a0b0b608b27d5676c50.jpg;57
09-01-17-Cam1_jpg.rf.39e5893d4ba4d08ad9df4e50c1e3f463.jpg;57
09-02-20-Cam2_jpg.rf.3eb8027d11aa55f727ec787c74f84e8e.jpg;57
09-38-52-Cam1_jpg.rf.923769323cdcd9a4d0f06c657f8b17a2.jpg;57
09-44-03-Cam2_jpg.rf.33743e6460945d2c1628442610eafef0.jpg;57
09-59-51-Cam1_jpg.rf.d4f993f61dcd1babf5147214ce478eeb.jpg;57
10-19-16-Cam1__c0SZEyDs_jpg.rf.60e073cd912ac7b7a4bd45f39592f100.jpg;57
10-48-27-Cam1_jpg.rf.eb48d4895b472ab5f385c58345e21b94.jpg;57
11-11-48-Cam1_jpg.rf.1de0f840ce2132ac48203cf734cd316d.jpg;57
11-12-36-Cam1_jpg.rf.d83c392d8608947d94d89ac556d038ab.jpg;57
11-15-09-Cam2_jpg.rf.51e29bb615b2851d1db106bcf0740e99.jpg;57
11-32-37-Cam1_jpg.rf.f210c006f49b34dcd7609ee046a8c836.jpg;57
12-07-49-Cam1_jpg.rf.a9af1e0040ccd41c2c7786cc1d35a955.jpg;57
13-03-45-Cam1_jpg.rf.2a40b8496aa5343eb90066308ed784e5.jpg;57
13-42-02-Cam1_jpg.rf.e4db8c3f65e075ec402781b66bf84ece.jpg;57
13-53-22-Cam1_jpg.rf.b4a9ffc72a55f71bb99f061dd2779513.jpg;57
13-53-22-Cam2_jpg.rf.8e59090df5a42cb144e81a688d558afc.jpg;57
14-40-53-Cam1_jpg.rf.0a8fdd6b1fcd25255ba773dfd5cd5254.jpg;57
14-41-36-Cam1_jpg.rf.b0c52371e2fd75630ea14db2ed426375.jpg;57
14-51-03-Cam1_jpg.rf.91352a7978f113ad3be5d84926b47cf7.jpg;57
15-21-13-Cam1__bo1bEaZY_jpg.rf.b0a74d1b708e98d0d0002e48a0ca56e8.jpg;57
11-27-09-Cam2_jpg.rf.a4346af2785c32ef2feae4a444fd5f40.jpg;5719
09-13-56-Cam6_jpg.rf.e281705e9fed78fbd081f8116c048e81.jpg;58
09-23-25-Cam2_jpg.rf.36391ec0535062d5658ae98dd948715d.jpg;58
6_jpg.rf.16fdcec0c2b9ce8460a08ac1ac2e563b.jpg;6789
07-44-17-Cam6_jpg.rf.5a44ab0815d04bef392a545b137babc1.jpg;68
08-12-19-Cam2_jpg.rf.0bbae96a55e4034ef03cf3d2c90cbab1.jpg;68
09-24-27-Cam2_jpg.rf.e5a9bfa59ac83c38dd434ba933bf59be.jpg;68
11-07-26-Cam2_jpg.rf.71f51b7d096112745493a909884de3fe.jpg;68
12-16-27-Cam2_jpg.rf.fdc916b3729d940f8d22e11d559dab0c.jpg;68
13-16-13-Cam6_jpg.rf.36e1002f26c8d4572b16a803138f87f7.jpg;68
15-03-16-Cam6_jpg.rf.ab7980e52a0eb303a99ac0ed7af9e34e.jpg;68
15-45-14-Cam2_jpg.rf.7eaa232b9da5354c83135021f6deef1b.jpg;68
16-37-42-Cam6_jpg.rf.0e087b6ccdc3e25d12fdd201d5be5fc1.jpg;68
17-29-54-Cam2_jpg.rf.f30b14f7c923c3cad40c8b692cbbd9bd.jpg;68
17-31-01-Cam6_jpg.rf.d8f9197e2a4798b4c534fee2dcd245c7.jpg;68
17-58-32-Cam1_jpg.rf.3f615cbbd954f58fcc0ecdc28b8e2746.jpg;68
18-02-11-Cam1_jpg.rf.466e80ee2e9d3272d1bec2e516d59bf2.jpg;68
19-58-23-Cam1_jpg.rf.a0e18f4f70b62ee88df471f21338b311.jpg;68
20-08-11-Cam2_jpg.rf.4f2555900aff2e64d2a227221d4b7bee.jpg;68
20-16-19-Cam1_jpg.rf.dfdb893ab3c754fef8c5c3560252626f.jpg;68
21-42-06-Cam1_jpg.rf.0947fdbb20ce00ab51538a56cc9a6a49.jpg;68
21-42-06-Cam2_jpg.rf.3617910fa793d79bc9f36891d26903eb.jpg;68
21-44-37-Cam2_jpg.rf.0351a7d7ef4a2d693af2686da94fd32c.jpg;68
21-49-45-Cam2__VQah8tSP_jpg.rf.e288d7436a7aadac938ac43d7ca38f56.jpg;68
22-16-14-Cam2-1jpg_jpg.rf.6a00c5f3b59243065283d1e91bacad7f.jpg;68
pl_19-01-46-Cam1_jpg.rf.5db2cbe049e534ee22450615b557b9c6.jpg;68
pl_19-02-58-Cam2_jpg.rf.401715537c7595c84f2c84a9c35a2ef8.jpg;68
pl_19-24-15-Cam1_jpg.rf.3ccc790bed6adfbe997017b6a2672bde.jpg;68
pl_19-27-04-Cam1_jpg.rf.c2d58061dd527ec6892ea4a701e3fdcf.jpg;68
pl_19-27-04-Cam2_jpg.rf.4d98386fea9ce5659b7ccdc5c35b236d.jpg;68
pl_19-28-12-Cam1_jpg.rf.d9936a41c986a8dc05152eeaad1e44db.jpg;68
pl_19-39-08-Cam2_jpg.rf.ed35d8c7458480c5069b03531ef2adb2.jpg;68
pl_19-56-07-Cam2_jpg.rf.2b4c148ea926928f6663e541dbb090d7.jpg;68
pl_20-17-53-Cam1_jpg.rf.7c57b70f6f694ce319aed302aad99879.jpg;68
pl_20-24-01-Cam1_jpg.rf.798551121bcc585d70383851505da546.jpg;68
pl_photo_2022-05-30_13-40-25_jpg.rf.19efff5c81ed57387b07981fdf7b4d55.jpg;68
13-37-57-Cam6_jpg.rf.53dc80269e7cd80d586074241c3b71e1.jpg;70
20230405-112521_jpg.rf.bc4b0aaa367419987145f8f1890db79a.jpg;777
20230405-112538_jpg.rf.0379f2fbb16973c580dc3491be074b9d.jpg;777
20230405-112541_jpg.rf.aa763b3564f6b5bee7c36b32ebdc20de.jpg;777
scale_1200-5_jpg.rf.51a7f4b2bbdadc57988c9419bb48da35.jpg;777
08-54-49-Cam2_jpg.rf.35591029a5df3b73006d8723a783a7ec.jpg;799
07-06-30-Cam1_jpg.rf.e46c921e57b165de8bdb7247f40bd8e3.jpg;9139
15-29-29-Cam2_jpg.rf.8a3aae5b9b63948745b96a67e053e715.jpg;9139
12-30-39-Cam2_jpg.rf.151196d6a3fd6f3f429434d301ab517d.jpg;9478
14-33-32-Cam1_jpg.rf.08ecc2100ee2b2cce9f8b01b7132ec70.jpg;9478
15-36-31-Cam2_jpg.rf.d568afc0001be399b9bbc3cfd91ec8c5.jpg;9478
08-22-29-Cam1_jpg.rf.eeecfb9d28343674a2ba757071a76c0d.jpg;А620АС
20230405-112435_jpg.rf.3e73c4b8b61b5c4a17ce415ad658b686.jpg;А898ОО
11-15-09-Cam2_jpg.rf.98e2729787f89ccca749ac629f7b970c.jpg;А958АС
1_jpg.rf.c2aabd61f438ac850153469a4777b477.jpg;АВСЕНК
2_jpg.rf.0c985056698e6152cd3790d4ca92920c.jpg;АВСЕНК
6_jpg.rf.2d96c7febdfe0e1651dbbb2aa7a92094.jpg;АВСЕНК
09-19-06-Cam1_jpg.rf.7170ac7839419f7b087322d0bcc2fd69.jpg;АС6329
20230405-112538_jpg.rf.6ac246a5407382b19d81246d2a6358b0.jpg;В007ЕВ
00-00-20-Cam1_jpg.rf.0eb14dad921a9426068b5dd10036da4c.jpg;В152ММ
pl_18-49-17-Cam1_jpg.rf.b5ceea77753cca6152d5a2b370a4838f.jpg;В451ОХ
14-51-20-Cam2_jpg.rf.67825368ab65ac6b8e9f95f472cfb53a.jpg;В458АЕ
ef5174dbfbaf637c5effc892653cc267709a6d2d_9999_jpg.rf.d4a05d0b3cb0567c1c3fe23335706ab8.jpg;В747
22-19-26-Cam1_jpg.rf.bb92d5d761db3a24f979e9f5d6de2b5f.jpg;В758НВ
2IAAAgF5LeA-1920_jpg.rf.ab715e0b6315127b205faf6f8c993c04.jpg;ВЕ
2yAAAgFXVuA-1920_jpg.rf.4714aea414c69fedbef44b7954e978ba.jpg;С056
skAAAgPGeeA-1920_jpg.rf.952d9814de1697edb9a854ac685a8fe5.jpg;С161
09-02-20-Cam2_jpg.rf.c63456a16936af55b2e5525d4c7c14a9.jpg;С173СР
BEAAAgPLN-A-960_jpg.rf.e39880eff24b583c07d230c81e1164f7.jpg;Е198
20230405-112536_jpg.rf.2fa34edfd3bee277e4d1a475169202df.jpg;Е441ЕТ
14-41-36-Cam1_jpg.rf.d191de32bbb6e07fd4d689393b8d0fa5.jpg;Е460ТВ
pl_19-27-04-Cam1_jpg.rf.d11ea9293f072adde9d00fbe3320be43.jpg;Е585ХУ
pl_19-27-04-Cam2_jpg.rf.6941df03ccfa601ac18f33668d6b0d9f.jpg;Е585ХУ
20230405-112525_jpg.rf.9f44b378612c34f8402abb6e2f5d5e3e.jpg;Е661СО
10-48-27-Cam1_jpg.rf.45ccad416ef2970042434ebd78fb5a57.jpg;ЕЕ1219
11-11-48-Cam1_jpg.rf.dd39e7105108c49de9862174004e5b7d.jpg;ЕЕ1219
08-40-34-Cam1_jpg.rf.405fdb1f944a4e68c76f76430d31fc8c.jpg;ЕЕ1460
08-48-04-Cam1_jpg.rf.8d874d595eb3a42fc01ed6919761c721.jpg;ЕЕ1460
11-12-36-Cam1_jpg.rf.614c92dccd008c48cca65364a55c1514.jpg;ЕЕ1460
09-01-17-Cam1_jpg.rf.81ee803f7080c961f120ea707703e014.jpg;ЕЕ3864
15-21-13-Cam1__bo1bEaZY_jpg.rf.e400ae1af5e6493b0b11b5ea08e322af.jpg;ЕЕ3937
08-41-41-Cam1_jpg.rf.6e75ec199ea8ca65783460ca956b8aa5.jpg;ЕЕ3938
12-07-49-Cam1_jpg.rf.d6dbbb752395f668d8006c804a283ba4.jpg;ЕЕ4003
14-51-03-Cam1_jpg.rf.a3fd2c46b3840bd4cfbadbc25672cb3b.jpg;ЕЕ4003
08-54-49-Cam2_jpg.rf.12fdc27b23b28b549c373d9df73f0bf5.jpg;Н096НО
pl_photo_2022-05-30_13-40-25_jpg.rf.2422482a4b8aba56d654cfede52c9c95.jpg;Н201СО
08-21-19-Cam1_jpg.rf.75f5531a80b9222db9f164b8429517c7.jpg;Н312УН
pl_19-01-46-Cam1_jpg.rf.043420a145fe660156521390b91820f0.jpg;Н4212
20230405-112445_jpg.rf.14bac127193b2108ec31ced647213a5f.jpg;Н703КС
20230405-112500_jpg.rf.1505c2e346798b95a6466c4951882d2c.jpg;Н778УК
pl_18-58-40-Cam1_jpg.rf.4815e2cf0417b839ee5638bd7789e224.jpg;Н926ХТ
pl_19-24-15-Cam1_jpg.rf.a61aac63d2f04d2b05a677447129bd06.jpg;Н955УЕ
fYAAAgL0AeA-1920_jpg.rf.76c7888aa9b180a02ea7caef477c3b98.jpg;НЕ
13-37-57-Cam6_jpg.rf.794716844c81b51852584af0c30da288.jpg;К069ХК
10-35-43-Cam1_jpg.rf.41a53d7bf120c8bf609e0460bf4019ef.jpg;К218ОС
15-17-32-Cam2__bCULzMrX_jpg.rf.c97fbcd9d9995eaa49f8c461771b8c23.jpg;К218ОС
15-45-49-Cam1_jpg.rf.f53be5865e675188fc71711ff3168e65.jpg;К218ОС
19-18-26-Cam2_jpg.rf.0890d3857f71c518a7b00353c858e2b3.jpg;К218ОС
19-58-23-Cam1_jpg.rf.fa4296cf0ebc9864b343da2fb673218e.jpg;К218ОС
20-08-11-Cam2_jpg.rf.23c20a9e8f3e1fa88f0d4a017a001b71.jpg;К218ОС
11-07-26-Cam2_jpg.rf.72d629b5544c1b74755aa19003ced761.jpg;К226ОХ
15-03-16-Cam6_jpg.rf.3e47b34c74204acc786d7b8cd8cdc832.jpg;К226ОХ
18-02-11-Cam1_jpg.rf.365ed9ebca5aeced905607cc98d1ed0d.jpg;К226ОХ
22-08-41-Cam2_jpg.rf.7fb26fe25c4dcf30ad72131c046761e8.jpg;К226ОХ
22-16-14-Cam2_jpg.rf.b371d8a7405319ecd39eea827b9c9446.jpg;К226ОХ
21-01-28-Cam1_jpg.rf.bccc05d2475188d62ef6cadbd66d5905.jpg;К405АУ
20230405-112502_jpg.rf.61954b868a28b4d33b2f32d97c5ff90a.jpg;К995КН
07-06-30-Cam1_jpg.rf.0976bbed889e7ce71f7845ac8313dc05.jpg;КА
13-32-34-Cam1_jpg.rf.4f2a3a37467e53ebfdeb1354a1396424.jpg;КА
15-29-29-Cam2_jpg.rf.b4676e2f4b5fbe88191f3b0f67b913d9.jpg;КА
10-12-10-Cam2_jpg.rf.31a1376f625ebb10804df6cd90adf702.jpg;КВ
11-27-09-Cam2_jpg.rf.e30bea3d7337961a7cb697cae52f1bbc.jpg;КВ
12-30-39-Cam2_jpg.rf.0de5385b4c75d4fbbb38f20b75cff296.jpg;КС
14-33-32-Cam1_jpg.rf.e3473f7d01e5656ee67c905395743cab.jpg;КС
15-36-31-Cam2_jpg.rf.ddd292c54dbdc2b583bd99a77b1eafa7.jpg;КС
16-35-59-Cam2_jpg.rf.69949f21c4a72dae45a42780c4670bd6.jpg;КС
16-45-12-Cam2_jpg.rf.4a279336f52f976e9bdc8f9247452f9e.jpg;КК
20-51-57-Cam1_jpg.rf.ec98dc192879f63e5eaee207d36a27a9.jpg;КК
07-51-16-Cam2_jpg.rf.f2fc8aca3f03a12d4dc2fcacb43c1772.jpg;КО
16-50-46-Cam2_jpg.rf.048134e99ef047ee3bf25f725a6c9d50.jpg;КО
21-06-32-Cam2_jpg.rf.5af1f88c900b0d9999b04086bde7f705.jpg;КО
07-20-05-Cam1_jpg.rf.22d8551df2e4fb3906b3977e842421d6.jpg;КР
09-12-25-Cam1_jpg.rf.3868c707ea4e69e9f469009e3bcde4c1.jpg;КР
10-28-31-Cam1_jpg.rf.a2f968678b9625fd98dea3dada983862.jpg;КР
pl_19-39-08-Cam2_jpg.rf.debed9c2cec93e41ebde62b6abe60f4f.jpg;М843ВХ
pl_19-02-58-Cam2_jpg.rf.6df297332928a9ad4028e7ad9bb951bf.jpg;М930УА
08-12-19-Cam2_jpg.rf.6ee8c2ea7ec293893b12f904d7ec08ff.jpg;М931ОН
13-29-00-Cam2_jpg.rf.f34075e81ca039b07a2cd8cdae7ae0ed.jpg;М931ОН
BEAAAgPLN-A-960_jpg.rf.e1337104b363b4a1bdb4808405133fa0.jpg;ММ
1_jpg.rf.032d8c5ad98c814e5037d39e1d362155.jpg;МОРТУХ
2_jpg.rf.167c31fbae93484ac5be1612273b2d17.jpg;МОРТУХ
15-45-14-Cam2_jpg.rf.d0cc5baa0da8bed30bdbb0d624a4a0ba.jpg;О121МХ
pl_19-07-44-Cam2_jpg.rf.030a6bfc6777e940195f8269861e0a7c.jpg;О121МХ
17-58-32-Cam1_jpg.rf.c6ae11b43487ac8a346a34d71555d7aa.jpg;О126МХ
20-16-19-Cam1_jpg.rf.a70412d465fb7fa4502764a85a34cf6c.jpg;О126МХ
20-16-19-Cam2_jpg.rf.1c3f2e029d94b36154844bce9dc6da70.jpg;О126МХ
21-44-37-Cam2_jpg.rf.073bf833b748f68ebc13dad18d49f322.jpg;О126МХ
21-49-45-Cam2__VQah8tSP_jpg.rf.93ad924486cbb6ada5b35fc58aa10a25.jpg;О126МХ
13-16-13-Cam6_jpg.rf.4860b2c92660749b4e2d04828397567a.jpg;О129МХ
pl_20-17-53-Cam1_jpg.rf.0c719e186d200f08844f050482e7c585.jpg;О140МХ
12-16-27-Cam2_jpg.rf.03bddf4515775dd6578ba5a6804e91d8.jpg;О142МХ
07-44-17-Cam6_jpg.rf.8d71e7d10d32b2580f09d1b565072ee3.jpg;О143МХ
09-13-56-Cam6_jpg.rf.8f031109d000ee31c2a9d407d5d5d7f4.jpg;О165НС
20230405-112432_jpg.rf.c5bc9ac7d1b5c9848217571d7079326f.jpg;О303ТЕ
pl_19-56-07-Cam2_jpg.rf.a1b64d7cfd32db39c6a4995114dbe0ce.jpg;О583ОК
14-57-28-Cam6_jpg.rf.9507b955ff5cc4ecaeb02117cf033879.jpg;О841ХС
17-31-01-Cam6_jpg.rf.1bdf0a6d752b4e007f7205856a965fe0.jpg;О991ЕТ
2IAAAgF5LeA-1920_jpg.rf.c1909714e279a007811462017f02512c.jpg;Р084
fYAAAgL0AeA-1920_jpg.rf.5b5335baf10092fa0571a8bc0cbd8571.jpg;Р825
20230405-112541_jpg.rf.0edd46d8340b1bde642c019d1cc8717d.jpg;Р837АМ
08-35-17-Cam2_jpg.rf.5fa52f3821584f76ce01b08b18b676d6.jpg;Т168ЕВ
08-36-45-Cam2_jpg.rf.0e57a3900fd314de82a95bad1610d698.jpg;Т168ЕВ
7ZAAAgBmYeA-1920_jpg.rf.f3f7d46358caa5abd0312bd82a5baa23.jpg;ТС
ef5174dbfbaf637c5effc892653cc267709a6d2d_9999_jpg.rf.167b858ce8fbd48e726d1a30683a17a7.jpg;ТХ
09-19-06-Cam2_jpg.rf.5623a7b007dfe7425c3c8e339deab28e.jpg;Х105УН
08-20-26-Cam1_jpg.rf.d81a80477187d7d39ec11fe93e18192d.jpg;Х803СК
scale_1200-5_jpg.rf.853201174d2440ee2330f9117d38b886.jpg;ХС
xkAAAgCeA-A-1920_jpg.rf.1b1d3ce7be09ce4f966647c04b50c4b5.jpg;ХХ
11-01-33-Cam1_jpg.rf.bcd7b3db389c7f0c239eafd5f5fd8111.jpg;ХХ3627
13-03-45-Cam1_jpg.rf.3f6f8d9d61e7cb206b703f85a3d24622.jpg;ХХ5073
09-38-52-Cam1_jpg.rf.7b7bf7bc1d7836d0305fede6b9a897ed.jpg;ХХ5617
08-36-00-Cam1_jpg.rf.0b92ce8f2c5a36e9a97ff8f38b602161.jpg;ХХ5844
10-19-16-Cam1_jpg.rf.a3ea70e7fa484c82916e815cc1018ab2.jpg;ХХ5844
10-19-16-Cam1__c0SZEyDs_jpg.rf.f005630a3a67b1263af19f1dbc04496f.jpg;ХХ5844
09-44-03-Cam2_jpg.rf.ec6b91a28210dde2805f0b92cb6c5593.jpg;ХХ6164
14-40-53-Cam1_jpg.rf.16d07e4e05255d7690fe5c0f2f06121b.jpg;ХХ6164
11-34-09-Cam1_jpg.rf.3b0546990c9ba24b7a04c57ed3aa6123.jpg;ХХ6165
08-03-47-Cam1_jpg.rf.cbecbf17abed1c9919c4bc9a73c379b8.jpg;У078ХА
08-10-08-Cam1_jpg.rf.6ebfaba89e8905b8fab232e42c4c15ec.jpg;У078ХА
13-53-22-Cam1_jpg.rf.3629acfe5c192b800cc010a02207ae28.jpg;У079ХА
13-53-22-Cam2_jpg.rf.32de143e67525fb5268e5c8ce92cb4d1.jpg;У079ХА
2yAAAgFXVuA-1920_jpg.rf.8e97cb2d67f62ffa43afcbe358f86398.jpg;УВ
skAAAgPGeeA-1920_jpg.rf.3badfc72059ff7eca3829a0363de5de4.jpg;УР
